1,1.119278,-1.4044952,-5.7350006,1478123996168
1,1.6877594,-1.2316589,-2.4346008,1478123996367
1,1.5230103,-1.84906,-3.0488586,1478123996565
1,-0.60498047,1.014679,-2.2319794,1478123996764
1,2.8119812,-2.4371338,0.8469391,1478123996963
1,1.2518616,-0.9335785,-0.38934326,1478123997162
1,2.3611298,-2.3641205,-0.7640381,1478123997360
1,-0.11924744,-1.4695892,-1.07724,1478123997810
1,-2.4033203,-0.5756531,-1.2165527,1478123998009
1,-4.4184875,1.7365417,-0.16789246,1478123998206
1,0.013458252,-4.908554,0.518631,1478123998404
1,-1.4389038,-4.525177,1.2777405,1478123998603
1,-0.25167847,-0.1668396,-0.19407654,1478123998802
1,0.13705444,-1.3826447,0.26080322,1478123999001
1,-0.6070709,0.6899719,0.5111542,1478123999198
1,1.5652008,1.0088501,-0.076309204,1478123999397
1,0.57341003,2.6422882,0.13153076,1478123999595
1,0.50457764,1.102829,0.73127747,1478123999795
1,-0.77526855,-0.30300903,0.19003296,1478123999996
1,-0.1993103,2.5246735,1.1330414,1478124000195
1,-0.33787537,-0.4421692,-0.15232849,1478124000395
1,0.4267578,-0.17910767,0.35583496,1478124000596
1,-0.009719849,0.21755981,-0.59884644,1478124000791
1,1.1218262,0.09651184,0.41433716,1478124000985
1,-0.5472107,0.02796936,-0.10144043,1478124001184
1,0.24719238,-0.09994507,0.2654419,1478124001383
1,-0.0019378662,-0.6322174,0.30480957,1478124001585
1,-0.08558655,0.11042786,-0.6078186,1478124001778
1,0.20753479,-0.7646332,0.2578125,1478124001983
1,-0.011962891,-0.42974854,0.1743164,1478124002178
1,-0.1164093,-0.3070526,-0.006881714,1478124002378
1,0.04473877,-0.1928711,0.091278076,1478124002577
1,-0.24719238,-0.44082642,0.0040283203,1478124002775
1,-0.058502197,-0.26231384,0.1598053,1478124002975
1,-0.15022278,-0.27772522,-0.1343689,1478124003175
1,0.36854553,-0.21696472,-0.020050049,1478124003373
1,-0.3440094,-0.3152771,0.19003296,1478124003570
1,-0.11730957,-0.10279846,0.10308838,1478124003766
1,0.25378418,-0.05027771,-0.004180908,1478124003967
1,-0.035461426,0.1559143,-0.26245117,1478124004167
1,0.1490326,-0.16488647,0.06852722,1478124004365
1,-0.015258789,-0.15083313,0.6329651,1478124004557
1,-0.1490326,0.21606445,0.2941742,1478124004757
1,0.0,0.1809082,0.3553772,1478124004957
1,-0.2648468,0.5894165,0.37423706,1478124005162
1,0.3078003,0.37168884,0.1554718,1478124005359
1,0.43049622,-0.022140503,0.1960144,1478124005555
1,0.20619202,0.111465454,0.07211304,1478124005754
1,-0.31707764,-0.17163086,0.061340332,1478124005949
1,0.35298157,0.55545044,0.10293579,1478124006150
1,0.38591003,0.467453,-0.09156799,1478124006346
1,-0.48512268,0.11506653,-0.069122314,1478124006550
1,0.39083862,0.4810791,0.1777649,1478124006744
1,-0.035598755,-0.27352905,-0.1013031,1478124006942
1,0.17163086,0.041290283,0.43902588,1478124007140
1,-0.023788452,0.30285645,-0.6361084,1478124007339
1,0.0665741,-0.2400055,-0.24674988,1478124007537
1,0.27711487,0.5024719,0.33921814,1478124007735
1,-0.83317566,0.09082031,0.37109375,1478124007933
1,0.43798828,0.4924469,-0.046081543,1478124008139
1,-0.16952515,0.19078064,0.9621582,1478124008338
1,-1.3949127,0.39787292,-0.34236145,1478124008530
1,-0.2313385,0.56307983,0.51519775,1478124008732
1,0.36990356,0.88435364,0.0074768066,1478124008931
1,-0.7263336,0.50546265,-0.53315735,1478124009131
1,0.7269287,0.027374268,-0.87461853,1478124009329
1,0.44995117,-0.023330688,0.20918274,1478124009523
1,-0.3839569,0.20289612,-0.4631195,1478124009720
1,0.6320648,-0.019744873,0.1056366,1478124009923
1,0.5144501,0.112213135,-0.68891907,1478124010123
1,-0.69355774,0.046676636,-0.4421692,1478124010322
1,0.6009369,-0.032318115,0.4200287,1478124010515
1,-0.3151245,-0.62457275,-0.24105835,1478124010713
1,-0.20425415,-0.17581177,0.1782074,1478124010915
1,-0.354187,-0.22595215,-0.32754517,1478124011115
1,-0.0980072,-0.27293396,-0.30645752,1478124011313
1,0.11251831,0.16893005,-0.33203125,1478124011507
1,-0.10757446,-0.3254547,0.11999512,1478124011708
1,0.096206665,0.30136108,-0.5255127,1478124011908
1,-0.5579834,0.14888,-0.11656189,1478124012107
1,0.008972168,0.29956055,-0.10040283,1478124012306
1,-0.5651703,0.20544434,-0.45384216,1478124012499
1,-0.10218811,0.47164917,0.037857056,1478124012700
1,0.013305664,0.053710938,-0.11730957,1478124012894
1,0.22026062,0.0013427734,-0.7489319,1478124013099
1,-0.09365845,0.0029907227,0.1418457,1478124013299
1,0.08558655,-0.2569275,-0.06718445,1478124013497
1,-0.29177856,0.33473206,-0.27038574,1478124013693
1,0.024536133,-0.28295898,0.10997009,1478124013887
1,-0.20739746,-0.2026062,-0.14782715,1478124014091
1,0.35643005,-0.11117554,0.35583496,1478124014290
1,0.35612488,-0.036361694,-0.01914978,1478124014489
1,0.26185608,-0.21038818,0.029769897,1478124014685
1,0.05819702,0.33428955,0.2853546,1478124014881
1,0.1815033,0.20603943,0.13362122,1478124015083
1,-0.017501831,0.36854553,0.4951477,1478124015282
1,-0.36001587,0.35403442,0.13496399,1478124015481
1,-0.29103088,-0.19108582,0.50038147,1478124015677
1,0.055664063,0.049072266,0.058654785,1478124015871
1,0.24136353,0.02961731,-0.017044067,1478124016070
1,0.2822113,0.09741211,0.022583008,1478124016269
1,0.7055359,0.114608765,0.09336853,1478124016470
1,0.24778748,0.1424408,-0.41149902,1478124016670
1,-0.038742065,0.20050049,0.20799255,1478124016869
1,0.5029297,0.12449646,-0.15486145,1478124017069
1,0.19975281,0.22639465,0.14859009,1478124017268
1,-0.12957764,-0.0019378662,0.056549072,1478124017466
1,-0.026931763,0.102493286,0.33666992,1478124017663
1,0.39279175,0.09815979,-0.25767517,1478124017857
1,-0.3725891,0.21696472,0.6404419,1478124018060
1,1.1554871,-0.0655365,0.1306305,1478124018260
1,-0.35658264,0.5440674,0.33772278,1478124018459
1,-0.17655945,-0.004333496,0.7263336,1478124018650
1,0.15037537,0.28295898,-0.55589294,1478124018849
1,0.029174805,0.19197083,-0.18418884,1478124019053
1,-0.039794922,-0.3688507,0.68608093,1478124019252
1,-0.12852478,0.11671448,0.0058288574,1478124019450
1,0.12478638,0.10383606,0.21817017,1478124019640
1,0.42481995,0.17626953,0.06448364,1478124019841
1,-0.19526672,-0.1928711,0.32589722,1478124020044
1,0.36750793,-0.1387024,0.6910248,1478124020245
1,0.21052551,0.33293152,-0.014663696,1478124020443
1,0.12538147,0.11087036,0.27772522,1478124020635
1,0.47224426,0.33592224,0.5237274,1478124020836
1,0.6937103,0.2284851,0.91293335,1478124021032
1,-0.31184387,0.13017273,0.38845825,1478124021230
1,0.39009094,0.43873596,0.104141235,1478124021435
1,0.80189514,0.5760956,-0.16789246,1478124021633
1,-0.9120331,0.22085571,1.1305084,1478124021826
1,0.60902405,0.45639038,0.36271667,1478124022029
1,0.30195618,0.65914917,0.59495544,1478124022230
1,1.1001282,0.46118164,0.2750244,1478124022428
1,0.6468811,0.87013245,0.520874,1478124022619
1,0.1918335,0.63175964,0.7282715,1478124022820
1,0.17805481,0.676651,0.43348694,1478124023012
1,1.0342865,0.6033325,0.3585205,1478124023211
1,1.1282654,0.7632904,0.15411377,1478124023409
1,0.120147705,0.35447693,0.6283264,1478124023609
1,0.10055542,0.8238983,0.50457764,1478124023810
1,0.24330139,0.47973633,-0.056854248,1478124024005
1,0.121795654,0.86595154,0.8135681,1478124024212
1,0.90005493,0.8979645,-1.0446167,1478124024409
1,0.54870605,0.55918884,0.76808167,1478124024602
1,-0.29852295,0.97802734,-0.44935608,1478124024800
1,1.0501556,0.64897156,0.3613739,1478124024999
1,1.4668884,0.82284546,-0.5139923,1478124025195
1,-0.97354126,1.0558319,1.1278076,1478124025398
1,1.7827759,0.9044037,-0.9617157,1478124025596
1,0.9689026,1.1249695,0.2687378,1478124025793
1,0.28953552,1.8536987,-0.013305664,1478124025993
1,0.14933777,1.854599,0.50801086,1478124026193
1,1.1492157,1.7248688,-0.022140503,1478124026389
1,-0.20678711,1.5756836,0.7950134,1478124026591
1,0.45713806,1.7278595,0.27098083,1478124026790
1,0.5345001,1.6837158,-0.048477173,1478124026990
1,1.1923065,1.9672852,-0.11282349,1478124027189
1,-0.3405609,1.7497101,-0.4459076,1478124027390
1,0.2822113,1.5436554,0.0,1478124027585
1,0.53764343,1.645401,-0.06942749,1478124027782
1,-0.44770813,1.4462433,0.078704834,1478124027983
1,0.8470917,1.6243134,0.09890747,1478124028173
1,0.7483368,1.3405914,-0.1743164,1478124028379
1,-0.0019378662,1.0528412,0.16893005,1478124028579
1,0.2644043,1.4288788,0.090530396,1478124028770
1,0.24285889,0.95243835,-0.0058288574,1478124028975
1,0.33024597,1.2127991,0.11550903,1478124029168
1,1.0211182,1.0926514,-0.35777283,1478124029372
1,0.5892639,0.706131,-0.46342468,1478124029566
1,0.016159058,0.7628479,-0.45144653,1478124029766
1,0.28146362,0.81655884,-0.58807373,1478124029963
1,-0.1598053,0.4625244,-0.8258362,1478124030161
1,0.6078186,0.41433716,-0.68174744,1478124030364
1,-0.44023132,0.554245,-0.4025116,1478124030560
1,0.24613953,0.14364624,-0.6721649,1478124030758
1,-0.5285187,0.40341187,-0.458786,1478124030955
1,0.033065796,0.26275635,-0.012557983,1478124031155
1,-0.6179962,0.23147583,-0.6289215,1478124031352
1,-0.020050049,0.0059814453,-0.77153015,1478124031556
1,-0.3088379,0.21412659,-0.25587463,1478124031750
1,-0.73831177,0.06852722,-0.41044617,1478124031947
1,-0.24299622,0.02722168,-0.18299866,1478124032152
1,0.84394836,0.32200623,-0.4524994,1478124032350
1,-0.6835327,0.28311157,0.17730713,1478124032548
1,1.271759,0.53674316,0.17805481,1478124032739
1,-0.1771698,0.18913269,-0.40490723,1478124032939
1,-0.5385437,-0.36062622,-0.46492004,1478124033143
1,0.5258179,0.1164093,0.44770813,1478124033342
1,-0.82928467,0.6292114,0.39369202,1478124033535
1,0.24360657,0.61979675,-1.0242615,1478124033737
1,0.46492004,-0.20500183,-0.49095154,1478124033937
1,0.3938446,-0.5816345,-0.54901123,1478124034136
1,-0.7483368,-0.14094543,-1.2162476,1478124034334
1,0.29837036,-0.18106079,-0.09156799,1478124034531
1,-1.5060883,-0.31632996,-0.40730286,1478124034729
1,-0.25437927,0.0019378662,-0.611557,1478124034929
1,-0.79411316,-0.5493164,-0.7999573,1478124035129
1,-0.25871277,-0.1267395,-0.98431396,1478124035327
1,-0.43273926,0.19451904,-0.37542725,1478124035522
1,-0.4484558,0.19616699,-0.37782288,1478124035720
1,-0.6214447,0.01121521,0.16264343,1478124035916
1,-0.18704224,0.5033722,-0.16325378,1478124036113
1,-0.6260834,-0.078704834,-0.28131104,1478124036313
1,-0.0052337646,0.060897827,-0.72109985,1478124036511
1,-0.43693542,0.48765564,-0.7704773,1478124036713
1,-0.008224487,0.708374,0.002090454,1478124036908
1,-0.23822021,0.30795288,0.19137573,1478124037112
1,-0.6800995,0.2648468,0.17163086,1478124037312
1,0.18045044,0.4273529,-0.35583496,1478124037506
1,-0.33354187,0.041748047,-0.56427,1478124037705
1,0.15022278,0.31736755,-0.40596008,1478124037901
1,-0.049819946,0.10383606,0.4625244,1478124038105
1,0.4783783,0.32305908,-0.0062713623,1478124038304
1,0.13960266,0.2962799,0.49978638,1478124038504
1,0.19586182,0.2247467,0.42137146,1478124038698
1,0.71780396,0.38426208,0.97428894,1478124038896
1,0.6779938,0.3140869,0.7016449,1478124039097
1,1.4715271,0.4957428,1.1016235,1478124039295
1,0.13465881,0.40760803,0.3121338,1478124039500
1,0.91711426,0.48646545,0.60588074,1478124039686
1,0.8595123,0.08602905,0.20513916,1478124039888
1,0.12898254,-0.0026855469,0.8635559,1478124040090
1,0.19047546,-0.066726685,0.069122314,1478124040288
1,-0.103393555,0.03126526,-0.20005798,1478124040487
1,0.46984863,-0.28430176,0.4091034,1478124040681
1,-0.39683533,0.049972534,-0.9283447,1478124040877
1,-0.7766113,0.0,0.7167511,1478124041074
1,-0.22564697,-0.41433716,-0.8789673,1478124041275
1,0.24778748,-0.20529175,-0.25317383,1478124041480
1,0.033218384,-0.28414917,-0.8156738,1478124041670
1,-0.07585144,-0.4204712,-1.0057068,1478124041873
1,-1.0829163,0.34550476,-0.19258118,1478124042073
1,-0.12269592,-0.9554291,-0.69566345,1478124042272
1,0.11401367,-0.29103088,-0.8132782,1478124042472
1,-0.1408081,0.8687897,-0.36047363,1478124042662
1,-0.3444519,-0.58029175,-0.6720123,1478124042863
1,0.057006836,-0.47209167,0.17730713,1478124043067
1,-0.68548584,-0.063446045,-0.13526917,1478124043266
1,-0.16714478,0.31347656,-0.7414398,1478124043463
1,-0.33398438,-0.44726563,-0.13256836,1478124043656
1,-0.28205872,-0.02708435,-0.44441223,1478124043857
1,0.26783752,-0.24345398,0.52297974,1478124044058
1,0.43647766,0.3549347,-0.28205872,1478124044256
1,0.38710022,0.24285889,0.17686462,1478124044457
1,-0.43618774,0.41523743,0.033218384,1478124044646
1,0.340271,-0.10308838,-0.04623413,1478124044847
1,0.30136108,-0.31826782,-0.10519409,1478124045051
1,-0.6697693,0.02407837,0.10757446,1478124045249
1,0.2102356,-0.2528839,0.32156372,1478124045449
1,-0.4230194,0.071517944,0.66812134,1478124045639
1,-0.26319885,0.57818604,0.61335754,1478124045839
1,0.44276428,0.1521759,-0.10205078,1478124046037
1,0.3190155,-0.055358887,-0.43423462,1478124046237
1,0.31228638,0.11805725,0.17266846,1478124046441
1,-0.34251404,0.69729614,-0.22744751,1478124046632
1,0.044433594,-0.10189819,0.27757263,1478124046834
1,0.6114044,0.36346436,-0.0052337646,1478124047033
1,-0.14633179,0.49468994,-0.060440063,1478124047233
1,0.6314697,0.5256653,-0.023040771,1478124047433
1,-0.38246155,0.61769104,0.13929749,1478124047623
1,0.014953613,1.2931671,0.10757446,1478124047827
1,0.53793335,0.9042511,-0.77227783,1478124048026
1,-0.12239075,0.56681824,-0.21621704,1478124048226
1,0.22654724,0.98565674,0.07989502,1478124048427
1,0.011062622,0.9468994,-0.5536499,1478124048615
1,0.3266449,1.067215,0.097854614,1478124048816
1,0.16549683,0.7984619,-0.39907837,1478124049020
1,0.31272888,0.36825562,-0.07092285,1478124049217
1,0.47898865,0.10354614,-0.20799255,1478124049412
1,0.3154297,-0.42256165,-0.28759766,1478124049610
1,0.14648438,-0.9099426,0.4519043,1478124049808
1,0.13452148,-1.1526489,0.22654724,1478124050008
1,0.15905762,-0.87283325,-0.11880493,1478124050206
1,-0.06643677,-0.6696167,0.083343506,1478124050404
1,0.64268494,-0.89842224,0.13691711,1478124050623
1,0.27218628,-0.32769775,0.1385498,1478124050801
1,-0.31947327,-0.20439148,0.46670532,1478124050998
1,0.056106567,-0.14738464,0.38381958,1478124051200
1,-0.06239319,0.008071899,-0.13630676,1478124051402
1,-0.29238892,0.0665741,0.43304443,1478124051593
1,0.51834106,0.18688965,0.41629028,1478124051792
1,0.33607483,0.10983276,0.6079712,1478124051995
1,0.5321045,0.4376831,0.35986328,1478124052194
1,0.3115387,0.25228882,0.75146484,1478124052393
1,0.65600586,-0.07196045,0.45443726,1478124052589
1,0.31677246,0.38142395,0.52970886,1478124052784
1,0.27996826,0.26290894,0.23851013,1478124052987
1,0.7342682,0.17103577,0.6372986,1478124053187
1,-0.04937744,0.08213806,0.18583679,1478124053381
1,0.13391113,0.07182312,0.46507263,1478124053579
1,0.597641,0.32321167,0.17596436,1478124053776
1,0.49768066,-0.047424316,0.52671814,1478124053979
1,0.10369873,-0.29762268,0.5832825,1478124054179
1,1.3196411,0.045639038,0.9159241,1478124054378
1,0.19033813,-0.14349365,0.53375244,1478124054571
1,1.2175903,0.29582214,0.28878784,1478124054769
1,0.68278503,0.24749756,0.7269287,1478124054966
1,1.0713959,0.52326965,1.2352448,1478124055171
1,0.5168457,0.8454437,0.6401367,1478124055367
1,1.0956421,0.73262024,1.2778931,1478124055560
1,0.49424744,0.81192017,0.8601074,1478124055762
1,1.2608337,1.4089813,0.85876465,1478124055963
1,0.49543762,1.0981903,0.79771423,1478124056157
1,1.2431793,1.0883026,0.38201904,1478124056361
1,0.6763611,1.336853,0.50172424,1478124056555
1,0.07525635,0.92115784,0.01121521,1478124056753
1,0.8032532,0.72602844,-0.49319458,1478124056953
1,-0.3947296,0.63879395,-0.4451599,1478124057151
1,-0.4774933,0.5020294,-0.72424316,1478124057351
1,0.20588684,0.092163086,-1.1732941,1478124057545
1,-0.45324707,0.26260376,-0.76434326,1478124057746
1,-0.14753723,0.07421875,-0.85606384,1478124057944
1,-0.115219116,-0.17581177,-1.1140442,1478124058145
1,-0.008666992,-0.058807373,-0.92684937,1478124058347
1,-0.1777649,0.08963013,-0.59524536,1478124058539
1,-0.94989014,0.052368164,-0.39398193,1478124058737
1,-0.47569275,-0.057754517,-0.44711304,1478124058941
1,-0.36465454,-0.02243042,0.09352112,1478124059140
1,0.20036316,0.084243774,-0.6555481,1478124059340
1,-0.2247467,-0.21636963,-0.4550476,1478124059535
1,-0.15382385,-0.15950012,-0.098602295,1478124059733
1,-0.449646,1.373291E-4,-0.033355713,1478124059933
1,-0.2962799,0.12269592,0.16923523,1478124060124
1,-0.07017517,-0.0010375977,0.034713745,1478124060331
1,-0.3297882,0.10473633,0.361969,1478124060524
1,0.07749939,0.5068207,-0.28564453,1478124060725
1,-0.08035278,-0.16609192,-0.6251831,1478124060925
1,0.20663452,0.14215088,-0.1126709,1478124061123
1,0.2724762,0.5532074,-0.79067993,1478124061320
1,-0.49050903,0.83348083,-0.17506409,1478124061538
1,-0.127182,0.34207153,-0.28131104,1478124061717
1,-0.03665161,-0.059555054,0.03276062,1478124061916
1,0.7462311,0.23791504,-1.1426239,1478124062111
1,-0.09246826,-0.44276428,-1.1785431,1478124062314
1,-1.0941467,0.15336609,-0.16818237,1478124062515
1,-1.0181274,0.45025635,-0.16593933,1478124062707
1,-0.7908325,0.045333862,-0.52267456,1478124062912
1,0.27487183,0.41567993,-0.21472168,1478124063110
1,0.089920044,0.26080322,-0.36375427,1478124063309
1,-0.20649719,0.022583008,-0.29942322,1478124063502
1,-0.7230377,0.31648254,0.22325134,1478124063700
1,0.6971588,0.63101196,0.011367798,1478124063897
1,0.61380005,0.95558167,0.1234436,1478124064102
1,-0.80877686,0.41508484,0.7679291,1478124064301
1,0.3574829,0.45054626,0.14199829,1478124064500
1,0.1387024,0.12313843,0.035751343,1478124064696
1,0.12060547,-0.010910034,-0.21980286,1478124064889
1,-0.4701538,0.057159424,0.45654297,1478124065094
1,0.17941284,0.48571777,-0.036209106,1478124065293
1,0.42271423,0.88853455,-0.0806427,1478124065493
1,0.16459656,0.38920593,0.49543762,1478124065687
1,0.48301697,0.9067993,-0.44696045,1478124065886
1,0.21606445,0.4554901,0.013015747,1478124066085
1,-0.11357117,0.8514252,-0.06852722,1478124066285
1,0.6150055,0.9967346,-0.3516388,1478124066483
1,0.012863159,0.8283844,0.12658691,1478124066675
1,-0.24046326,0.064331055,0.3471527,1478124066875
1,0.36915588,0.122543335,-0.002380371,1478124067079
1,0.6145477,-0.45309448,-0.19721985,1478124067278
1,0.81536865,0.04473877,-0.755661,1478124067475
1,0.4414215,0.10952759,-0.2677002,1478124067670
1,0.25003052,0.17506409,0.5421295,1478124067870
1,0.076309204,-0.045928955,0.5967407,1478124068070
1,0.32022095,0.17163086,0.5935974,1478124068272
1,-0.36016846,0.5804291,0.7003021,1478124068467
1,0.13825989,0.56547546,0.056411743,1478124068660
1,0.38261414,-0.28401184,-0.22340393,1478124068862
1,0.3082428,-0.3371277,-0.0010375977,1478124069063
1,0.25737,-0.1197052,0.1593628,1478124069261
1,0.39608765,-0.6136627,0.07914734,1478124069459
1,1.4649506,-0.066726685,0.777359,1478124069651
1,0.20245361,-0.20918274,0.042633057,1478124069851
1,0.292984,-0.466568,0.15756226,1478124070053
1,-0.2644043,-0.016159058,0.62008667,1478124070253
1,-0.10324097,-0.29597473,0.49829102,1478124070450
1,0.581192,-0.4925995,-0.031417847,1478124070644
1,0.73680115,-0.35359192,-0.6486664,1478124070843
1,0.37019348,-0.6907196,0.27786255,1478124071041
1,0.92700195,-0.08932495,-0.3866577,1478124071247
1,0.5533447,-0.40237427,0.24345398,1478124071444
1,-0.8851013,-0.43873596,0.10055542,1478124071635
1,-0.6226349,-0.22175598,0.52986145,1478124071837
1,-0.19422913,-0.174469,0.00642395,1478124072039
1,-0.6142578,-0.2756195,0.113723755,1478124072239
1,-0.36106873,-0.119400024,-0.78678894,1478124072437
1,-0.13316345,0.17103577,0.117614746,1478124072626
1,-0.8188019,-0.16864014,-0.5609894,1478124072828
1,-1.1433716,-0.57444763,-0.109375,1478124073031
1,-0.4186859,-0.33488464,-0.7698822,1478124073230
1,0.057907104,-0.45010376,0.033218384,1478124073430
1,0.18374634,-0.15052795,-0.35687256,1478124073619
1,-0.39668274,0.21472168,-0.021835327,1478124073820
1,0.6000366,0.056259155,-0.7188568,1478124074024
1,-0.114471436,0.064193726,0.43199158,1478124074225
1,-0.23822021,0.2036438,-0.16400146,1478124074421
1,0.87013245,0.17192078,-0.2253418,1478124074623
1,-0.059402466,-0.19047546,0.07211304,1478124074818
1,-0.3760376,-0.2784729,-0.119400024,1478124075016
1,0.30599976,0.21083069,0.04937744,1478124075215
1,0.15905762,0.19812012,0.30958557,1478124075413
1,-0.21232605,0.24734497,0.38905334,1478124075622
1,0.43095398,0.2941742,0.06478882,1478124075811
1,0.61291504,0.27218628,0.13227844,1478124076002
1,-0.08602905,0.24749756,-0.045333862,1478124076208
1,0.44276428,0.2893982,0.024536133,1478124076405
1,-0.2540741,0.6850281,0.32814026,1478124076618
1,0.10115051,0.4738922,0.14454651,1478124076799
1,0.58418274,0.32485962,-0.57954407,1478124077001
1,-0.054611206,0.07450867,0.4134369,1478124077200
1,-0.14125061,0.12748718,0.45324707,1478124077397
1,0.62083435,2.2029572,-3.1052704,1478124077590
1,-0.3428192,-1.9333038,-0.33517456,1478124077789
1,0.60124207,-0.17147827,0.14019775,1478124077993
1,-1.1848297,0.15187073,0.6811371,1478124078194
1,-0.85891724,0.31661987,0.09262085,1478124078390
1,-0.23371887,-0.076309204,0.7424927,1478124078583
1,0.012557983,0.5536499,0.28190613,1478124078785
1,0.2284851,0.15322876,-0.24121094,1478124078982
1,1.2556,-0.21846008,-1.0088501,1478124079183
1,-0.3651123,0.20245361,0.07989502,1478124079381
1,-0.9736786,0.52911377,0.7555084,1478124079579
1,0.31378174,0.32514954,-0.6007843,1478124079776
1,0.16952515,0.7832031,-0.06867981,1478124079976
1,0.63041687,-0.12313843,-0.050872803,1478124080176
1,0.06478882,0.33128357,-0.35388184,1478124080374
1,-0.3010559,0.18299866,0.5789337,1478124080567
1,0.35882568,0.1159668,0.015106201,1478124080767
1,0.25453186,0.055358887,-0.026031494,1478124080969
1,-0.002532959,-0.017791748,-0.051315308,1478124081167
1,0.12359619,0.16668701,-0.3866577,1478124081367
1,-0.54467773,-0.17237854,0.07316589,1478124081561
1,-0.04309082,0.08213806,-0.43678284,1478124081758
1,0.039642334,-0.05206299,-0.50367737,1478124081962
1,0.23522949,-0.08618164,-0.0143585205,1478124082162
1,-0.32470703,0.043685913,-0.17402649,1478124082359
1,-0.52970886,0.40864563,0.15351868,1478124082554
1,0.13916016,0.21472168,0.063446045,1478124082753
1,-0.23956299,0.52671814,-0.09082031,1478124082949
1,0.068222046,0.3586731,-0.08229065,1478124083154
1,-0.081100464,0.17163086,-0.30569458,1478124083351
1,-0.048171997,0.45474243,0.19361877,1478124083543
1,-0.0438385,0.41358948,-0.14379883,1478124083747
1,0.13331604,0.2361145,-0.0438385,1478124083946
1,0.437088,0.2572174,-0.16893005,1478124084147
1,-0.015411377,0.11326599,0.022140503,1478124084344
1,-0.08648682,-0.0655365,0.018997192,1478124084543
1,-0.22714233,0.035003662,-0.10205078,1478124084739
1,0.06314087,0.63371277,0.13421631,1478124084939
1,0.117004395,0.50756836,0.1408081,1478124085140
1,0.17372131,0.35134888,-0.07585144,1478124085337
1,0.037109375,0.48287964,0.3592682,1478124085533
1,0.05744934,0.37498474,0.5258179,1478124085729
1,0.94944763,0.41748047,0.39668274,1478124085926
1,0.5549927,0.42541504,0.6504669,1478124086130
1,0.66708374,0.21817017,0.66752625,1478124086327
1,0.41763306,0.26350403,0.86579895,1478124086525
1,0.40101624,0.44979858,0.7481842,1478124086724
1,0.96336365,0.19108582,0.7050781,1478124086922
1,0.39219666,-0.024978638,0.6434326,1478124087123
1,0.32066345,0.21113586,1.0996857,1478124087320
1,0.01121521,0.7294769,0.91023254,1478124087517
1,-0.057006836,0.25917053,0.8404999,1478124087715
1,1.3217468,0.6874237,-0.075408936,1478124087910
1,0.39982605,0.51968384,0.44665527,1478124088114
1,0.2468872,0.3803711,-0.09321594,1478124088313
1,0.12882996,0.629364,0.12463379,1478124088506
1,0.15950012,0.52926636,-0.21203613,1478124088706
1,-0.057907104,0.21278381,-0.25213623,1478124088903
1,-0.698349,0.15861511,0.108184814,1478124089108
1,-0.4953003,0.2509308,-0.07316589,1478124089304
1,-0.45144653,0.17701721,-0.45474243,1478124089498
1,-0.33607483,-0.08558655,-0.84843445,1478124089699
1,0.17327881,0.103393555,-0.6832428,1478124089896
1,-0.60676575,-0.018844604,-0.8144684,1478124090100
1,-0.61680603,-0.104141235,-0.74069214,1478124090297
1,-0.75297546,-0.19467163,-0.5849304,1478124090499
1,-0.048324585,0.071517944,-0.76852417,1478124090693
1,-0.28894043,-0.4267578,-1.2621918,1478124090887
1,-0.81910706,-0.4052124,-1.0942993,1478124091094
1,-0.46791077,-0.40670776,-0.563385,1478124091291
1,-0.13542175,-0.43260193,-0.5760956,1478124091488
1,-0.9934387,-0.2546692,-1.0491028,1478124091679
1,-0.81552124,-0.23432922,-0.6558533,1478124091880
1,-0.6043854,-0.1197052,-0.46296692,1478124092083
1,-0.4703064,0.035308838,-0.6920624,1478124092282
1,-0.7137604,0.15158081,-0.5835724,1478124092478
1,-0.15142822,0.17027283,-0.7700348,1478124092676
1,-0.5135498,-0.16235352,-0.55934143,1478124092873
1,-0.6250305,-0.115219116,-0.41567993,1478124093077
1,-0.32066345,-0.25108337,-0.5129547,1478124093274
1,-0.2605133,0.11251831,-0.6016846,1478124093473
1,-0.09741211,0.12478638,-0.38845825,1478124093663
1,-0.38186646,-0.2290802,-0.15786743,1478124093866
1,-0.23582458,-0.26708984,-0.43214417,1478124094070
1,-0.1918335,0.082595825,-0.77153015,1478124094266
1,-0.24674988,-0.031417847,-0.32426453,1478124094465
1,-0.3289032,-0.2572174,0.27322388,1478124094657
1,0.12434387,-0.12120056,-0.42645264,1478124094860
1,-0.12689209,0.052215576,-0.6331024,1478124095061
1,-0.2898407,-0.029174805,-0.21427917,1478124095259
1,0.0622406,0.24240112,-0.30419922,1478124095458
1,0.13316345,0.29927063,-0.7878418,1478124095649
1,-0.23492432,0.15411377,-0.33532715,1478124095849
1,0.09187317,0.1230011,-0.36705017,1478124096051
1,-0.20469666,-0.0909729,-0.48301697,1478124096250
1,-0.21742249,0.012557983,-0.61590576,1478124096449
1,-0.5246277,0.14619446,-0.5144501,1478124096641
1,-0.31947327,0.043380737,-0.18882751,1478124096840
1,-0.1559143,0.42585754,-0.16789246,1478124097046
1,-0.10324097,0.3841095,-0.49365234,1478124097240
1,0.057754517,0.50187683,-0.5485687,1478124097442
1,0.3504486,0.1565094,-0.08200073,1478124097632
1,-0.18673706,0.37843323,0.09770203,1478124097832
1,0.67904663,0.50231934,-0.22459412,1478124098036
1,0.2530365,0.40312195,-0.15083313,1478124098236
1,0.7336731,0.8901825,-0.4994812,1478124098434
1,0.2431488,0.59420776,-0.046524048,1478124098639
1,-0.11836243,-7.4768066E-4,-0.23283386,1478124098825
1,0.13945007,0.2970276,-0.40057373,1478124099029
1,0.50172424,0.4875183,-1.0063019,1478124099224
1,0.21188354,0.50831604,-0.47195435,1478124099428
1,-0.23536682,0.39578247,-0.13256836,1478124099620
1,0.13078308,0.40101624,-0.17356873,1478124099818
1,-0.038742065,0.65226746,-0.1408081,1478124100017
1,-0.009277344,0.1207428,-0.49365234,1478124100220
1,-0.3010559,0.5068207,-0.3365326,1478124100420
1,-0.5907593,0.3121338,0.24749756,1478124100622
1,-0.03111267,0.93836975,-0.090530396,1478124100809
1,0.07316589,0.36915588,-0.48526,1478124101009
1,-0.4961853,0.44381714,-0.12194824,1478124101210
1,0.049072266,1.0154266,-0.19407654,1478124101411
1,-0.05430603,0.2501831,-0.10084534,1478124101628
1,0.023635864,0.50128174,-0.47598267,1478124101803
1,-0.0471344,0.1418457,-0.35897827,1478124102009
1,0.25317383,0.43634033,-0.3187256,1478124102203
1,0.24765015,0.5431824,-0.5071106,1478124102403
1,0.28295898,0.3552246,-0.2606659,1478124102619
1,-0.10922241,0.6244354,-0.13092041,1478124102798
1,-0.08288574,0.27697754,0.36854553,1478124102998
1,0.0079193115,0.7608948,-0.1348114,1478124103197
1,0.1955719,0.50442505,-0.15666199,1478124103394
1,0.65734863,0.33143616,-0.37887573,1478124103592
1,0.28489685,0.48391724,-0.519989,1478124103785
1,0.12599182,0.27322388,-0.17088318,1478124103992
1,0.35673523,0.088134766,-0.115219116,1478124104189
1,0.0026855469,0.39967346,-0.18988037,1478124104389
1,-0.16653442,0.068222046,0.092315674,1478124104586
1,0.07046509,-0.10548401,0.22206116,1478124104783
1,-0.60902405,0.43363953,0.41104126,1478124104980
1,0.050567627,0.397583,0.2210083,1478124105181
1,0.72424316,0.76164246,0.0074768066,1478124105380
1,0.07496643,0.5262604,0.024978638,1478124105574
1,-0.08872986,0.2540741,-0.5958557,1478124105774
1,-0.7842407,-0.012710571,0.2859497,1478124105976
1,-0.15786743,0.30270386,-0.6509094,1478124106173
1,0.46357727,-0.30091858,-0.9516907,1478124106373
1,0.3651123,0.038742065,-0.9973297,1478124106566
1,-0.054016113,0.253479,-0.40475464,1478124106764
1,-0.38890076,0.09172058,0.2783203,1478124106968
1,-0.29014587,-0.14439392,-0.34101868,1478124107166
1,-0.02482605,0.53793335,0.0019378662,1478124107365
1,0.011657715,0.31648254,-0.020492554,1478124107557
1,0.22041321,0.33143616,0.0541687,1478124107760
1,0.21142578,0.21292114,-0.24989319,1478124107962
1,0.6733551,0.088134766,-0.2796631,1478124108156
1,-0.0736084,0.39338684,-0.64852905,1478124108352
1,-0.28775024,0.14065552,-0.37019348,1478124108554
1,0.3049469,0.34251404,-0.34640503,1478124108752
1,-0.021392822,0.27053833,0.15846252,1478124108950
1,0.2795105,0.52326965,-0.23059082,1478124109150
1,0.0058288574,0.5717621,-0.18807983,1478124109349
1,0.17297363,0.62457275,-0.448761,1478124109539
1,0.024383545,0.052520752,-0.0032806396,1478124109741
1,0.1852417,0.2822113,-0.70358276,1478124109944
1,0.27023315,-0.064193726,-0.4376831,1478124110143
1,0.37738037,0.31318665,-0.072265625,1478124110340
1,-0.2144165,0.423172,-0.07017517,1478124110545
1,0.18972778,0.567276,0.017654419,1478124110736
1,0.24404907,0.4349823,-0.17671204,1478124110937
1,0.0519104,0.6358032,-0.4091034,1478124111135
1,0.082595825,0.32081604,-0.06613159,1478124111332
1,-0.09202576,0.31558228,-0.2507782,1478124111528
1,0.4378357,0.56651306,-0.7959137,1478124111728
1,0.34805298,-0.22683716,-0.5436249,1478124111928
1,0.23747253,0.41075134,-0.8041382,1478124112127
1,-0.085739136,-0.05355835,0.037246704,1478124112325
1,0.051620483,-0.28295898,0.32051086,1478124112523
1,-0.1424408,0.6187439,-0.36016846,1478124112716
1,-0.10279846,0.46446228,-0.08004761,1478124112922
1,-0.22938538,0.38441467,0.1554718,1478124113119
1,-0.24375916,0.15995789,-0.37454224,1478124113313
1,-0.15367126,0.6217346,-0.68188477,1478124113515
1,0.27069092,0.4234619,-0.85995483,1478124113712
1,-0.42196655,-0.04069519,-0.26216125,1478124113913
1,-0.061340332,0.21502686,-0.08049011,1478124114106
1,0.1949768,0.23342896,-0.12882996,1478124114311
1,0.09007263,0.1376648,-0.65031433,1478124114509
1,0.24435425,0.26080322,-0.44995117,1478124114703
1,-0.46357727,-0.029174805,-0.18255615,1478124114899
1,0.27651978,0.18869019,-1.265625,1478124115103
1,0.23327637,0.25213623,-0.6613922,1478124115303
1,0.04458618,-0.016906738,-0.3070526,1478124115503
1,-2.89917E-4,-0.085128784,-0.34983826,1478124115693
1,0.35359192,0.16384888,-0.023483276,1478124115893
1,-0.6322174,0.510849,0.12852478,1478124116089
1,0.4728546,0.54003906,-0.37797546,1478124116296
1,-0.010772705,0.66244507,-0.10983276,1478124116495
1,-0.12359619,0.16668701,-0.30599976,1478124116689
1,0.06298828,0.1207428,-0.40386963,1478124116887
1,-0.21502686,0.11236572,-0.22355652,1478124117085
1,0.15083313,0.27069092,-0.3289032,1478124117283
1,0.06703186,0.4703064,0.3522339,1478124117484
1,-0.22250366,0.47673035,0.14859009,1478124117680
1,-0.13272095,0.52223206,0.20814514,1478124117881
1,0.118499756,0.6802521,-0.3260498,1478124118079
1,0.19436646,0.16967773,-0.48002625,1478124118273
1,-0.32514954,0.022888184,-0.18869019,1478124118478
1,-0.4230194,0.41209412,-0.28295898,1478124118671
1,-0.14349365,0.7597046,-0.48451233,1478124118871
1,-0.04788208,0.68891907,-0.04937744,1478124119072
1,0.2756195,0.5582886,-0.2931366,1478124119272
1,-0.37168884,0.8271942,-0.6269684,1478124119471
1,-0.093811035,0.16864014,-0.18748474,1478124119661
1,0.14813232,0.26994324,-0.29388428,1478124119862
1,-0.25317383,0.4123993,0.60183716,1478124120057
1,0.51264954,0.5436249,0.13916016,1478124120261
1,0.30270386,0.7561188,0.16743469,1478124120462
1,0.80384827,0.75401306,0.58792114,1478124120653
1,1.0767822,0.81895447,0.17730713,1478124120854
1,0.7956085,0.41209412,0.56741333,1478124121057
1,0.12538147,0.38575745,0.6194916,1478124121255
1,0.0058288574,0.3776703,0.4593811,1478124121455
1,0.15441895,0.23701477,0.38560486,1478124121647
1,0.2898407,0.3839569,0.7475891,1478124121848
1,0.7994995,0.25167847,0.58776855,1478124122051
1,0.8144684,0.4783783,0.741745,1478124122250
1,1.0097504,0.688324,0.7073364,1478124122446
1,0.7028351,0.405365,0.82180786,1478124122640
1,1.1885681,0.3733368,0.5939026,1478124122843
1,-0.10055542,0.42466736,1.188858,1478124123036
1,0.3980255,0.6287689,0.9223633,1478124123234
1,0.340271,0.37184143,1.2045746,1478124123438
1,1.411377,0.4384308,0.3235016,1478124123706
1,1.0628662,0.8852539,1.3539124,1478124124088
1,0.5849304,0.57040405,1.2089081,1478124124376
1,1.6129303,0.39653015,0.73262024,1478124124511
1,0.48257446,0.65734863,0.802948,1478124124794
1,0.9549866,0.4771881,0.8927307,1478124124939
1,0.542572,0.27009583,0.3045044,1478124126030
1,1.0119934,0.13331604,0.065979004,1478124126031
1,0.50231934,-0.1230011,0.10069275,1478124126031
1,-0.706131,-0.11999512,0.27742004,1478124126031
1,-0.026321411,-0.3257599,-0.10115051,1478124126031
1,0.09172058,0.007171631,-0.30630493,1478124126171
1,-0.3082428,-0.1782074,-0.4091034,1478124126704
1,-0.5849304,-0.13720703,-0.5974884,1478124126704
1,-0.3917389,-0.15037537,-0.6721649,1478124126714
1,-0.05580139,-0.3993683,-0.57369995,1478124126862
1,-0.18959045,-0.4414215,-0.69311523,1478124127146
1,-0.8060913,-0.21652222,-0.5502167,1478124127282
1,-0.53689575,-0.0074768066,-0.21891785,1478124127549
1,0.017044067,-0.18255615,-0.8016052,1478124127689
1,-0.06074524,-0.5689087,-0.5539551,1478124127968
1,-0.26020813,0.10623169,-0.32485962,1478124128107
1,-0.24105835,-0.18614197,-0.21891785,1478124128249
1,0.3868103,-0.010025024,-0.49858093,1478124128949
1,-0.42720032,-0.3287506,-0.10757446,1478124128949
1,-0.59465027,-0.1879425,0.24539185,1478124128949
1,0.871933,0.38006592,-0.7008972,1478124129061
1,0.02079773,-0.02319336,-0.3078003,1478124129945
1,-0.4961853,0.03425598,-0.09875488,1478124129945
1,0.09486389,0.08602905,-0.3428192,1478124129945
1,-0.5650177,0.3294983,-0.1554718,1478124130064
1,-0.31063843,0.01121521,0.042785645,1478124130942
1,-0.2313385,-0.037994385,0.091278076,1478124130942
1,0.23312378,0.37528992,-0.18000793,1478124130942
1,-0.061340332,0.16519165,-0.34506226,1478124130942
1,-0.5101013,-0.23851013,0.46595764,1478124131936
1,0.14454651,0.2530365,0.231781,1478124131936
1,0.33233643,-0.015548706,-0.50457764,1478124131936
1,0.016906738,0.44337463,0.037994385,1478124131936
1,0.6447754,-0.009719849,-0.43273926,1478124131937
1,-0.18495178,-0.058654785,-0.26335144,1478124132148
1,-0.9066467,0.02168274,0.21652222,1478124133024
1,0.106536865,0.10519409,-0.32514954,1478124133024
1,0.28025818,0.41732788,-0.015548706,1478124133024
1,0.3770752,0.28041077,-0.3001709,1478124133024
1,0.15202332,0.17671204,0.30256653,1478124133117
1,0.131073,-0.03845215,-0.020935059,1478124133996
1,0.010620117,0.07510376,0.20275879,1478124133996
1,0.7264862,0.26994324,-0.4625244,1478124133996
1,-0.55514526,-0.22729492,0.33009338,1478124133996
1,-0.038742065,-0.13916016,-0.04399109,1478124134092
1,-0.4744873,0.10040283,0.65615845,1478124134212
1,0.6334076,-0.011810303,0.17791748,1478124135013
1,-0.23806763,0.14454651,0.57040405,1478124135013
1,-1.4149628,-0.76060486,1.5158234,1478124135013
1,-1.8029785,-0.4167328,1.7410278,1478124135058
1,-0.25482178,0.019744873,0.19900513,1478124136003
1,-0.18508911,-0.74339294,-0.26306152,1478124136003
1,0.8033905,-0.39413452,-0.6874237,1478124136004
1,-0.57385254,-0.036499023,0.63894653,1478124136004
1,0.46984863,-0.40490723,-0.54003906,1478124136029
1,-0.026184082,-0.2507782,-0.35073853,1478124136977
1,-0.023483276,-0.17745972,-0.31048584,1478124136977
1,0.3000183,0.05281067,-0.4050598,1478124136977
1,0.13841248,-0.2642517,0.14993286,1478124136977
1,-0.81596375,0.30854797,0.3547821,1478124136994
1,-0.42945862,0.24450684,0.46206665,1478124138001
1,0.49484253,0.5894165,0.033966064,1478124138001
1,0.22505188,0.043533325,-0.13676453,1478124138001
1,0.75790405,0.23851013,-0.07272339,1478124138001
1,-0.33277893,0.18508911,0.3878479,1478124138072
1,0.397583,0.36720276,0.28849792,1478124138212
1,0.3688507,0.5027771,0.5689087,1478124139003
1,0.9545288,0.5282135,0.13945007,1478124139003
1,-0.6117096,0.16938782,1.0880127,1478124139003
1,0.78349304,0.12852478,-0.22280884,1478124139044
1,0.29447937,-0.010620117,0.45788574,1478124139174
1,0.6444855,0.17372131,0.08363342,1478124140005
1,-0.25930786,-0.0037384033,0.74024963,1478124140005
1,0.8450012,0.34924316,-0.1490326,1478124140005
1,-0.0014953613,0.2501831,0.21412659,1478124140015
1,0.5874634,0.462677,0.35986328,1478124141013
1,-0.6989441,-0.22595215,0.8915405,1478124141013
1,0.073913574,0.55259705,-0.3332367,1478124141013
1,0.3040619,0.34310913,-0.28684998,1478124141013
1,1.5713348,0.13555908,-0.8104248,1478124141013
1,0.3037567,-0.3297882,-0.25556946,1478124141254
1,0.076156616,-0.0053863525,-0.42855835,1478124141976
1,-0.32321167,0.32261658,-0.33174133,1478124141976
1,0.12538147,0.2026062,-0.16593933,1478124141976
1,-0.13945007,0.050125122,-0.3184204,1478124141976
1,0.06314087,0.38890076,-0.29852295,1478124143002
1,0.2431488,0.102645874,-0.575943,1478124143002
1,0.19856262,0.05909729,-0.1408081,1478124143002
1,-0.07092285,0.2925415,0.021835327,1478124143002
1,-0.57714844,0.42092896,0.2026062,1478124143068
1,0.43798828,0.22564697,-0.10369873,1478124143204
1,-0.33906555,-0.04548645,-0.18135071,1478124143884
1,0.010910034,0.18495178,-0.231781,1478124143884
1,0.33189392,0.16714478,-0.20005798,1478124143884
1,-0.3733368,0.3630066,-0.2685852,1478124144019
1,0.29718018,0.14828491,-0.40446472,1478124144158
1,0.047424316,0.23013306,-0.7275238,1478124144447
1,-0.017501831,0.31004333,-0.42451477,1478124144602
1,-0.4893036,0.45265198,-0.13182068,1478124144851
1,-0.061050415,0.5678711,-0.13945007,1478124144991
1,0.02394104,0.4242096,-0.698349,1478124145137
1,-0.42945862,0.427063,-0.09980774,1478124145418
1,-0.1711731,0.6569061,-0.0077667236,1478124145696
1,0.09202576,0.2861023,-0.13825989,1478124145825
1,-0.22355652,0.36601257,-0.11251831,1478124147409
1,0.07182312,0.27922058,-0.45639038,1478124147409
1,-0.39309692,0.18165588,-0.31347656,1478124147409
1,-0.2892456,-0.4095459,-0.6184387,1478124147409
1,0.70643616,-0.0055236816,-0.6506195,1478124147409
1,-0.0839386,0.050720215,-0.3072052,1478124147409
1,0.36047363,0.4019165,-0.36151123,1478124147601
1,-0.85876465,-0.048477173,-0.32321167,1478124148428
1,0.07810974,0.17042542,-0.2546692,1478124148428
1,-0.26679993,-0.16983032,-0.24554443,1478124148428
1,-0.5383911,-0.20559692,-0.33354187,1478124148428
1,-0.1277771,-0.18658447,-0.4736023,1478124148548
1,-0.18614197,-0.051315308,-0.5469208,1478124149444
1,-0.3050995,-0.24659729,-0.589859,1478124149444
1,0.21427917,-0.32965088,-0.56921387,1478124149444
1,-0.5671234,-0.2509308,-0.11326599,1478124149445
1,0.35986328,0.1662445,-0.4746399,1478124149520
1,-0.6580963,0.019439697,-0.35238647,1478124150393
1,0.54707336,-0.12553406,-0.29118347,1478124150393
1,-0.63160706,-0.16952515,-0.12313843,1478124150393
1,0.07211304,0.33084106,-0.64912415,1478124150393
1,0.5657654,0.375885,-0.26739502,1478124151446
1,0.26620483,0.7703247,-0.4557953,1478124151446
1,0.4267578,0.7008972,0.016159058,1478124151447
1,0.4925995,0.7453308,0.4454651,1478124151447
1,1.1427765,-0.037109375,0.51623535,1478124151447
1,0.6509094,-0.2063446,0.35343933,1478124151602
1,0.23103333,-0.38635254,0.70059204,1478124152422
1,0.15890503,-0.57429504,0.7878418,1478124152422
1,0.75161743,-0.32141113,0.76553345,1478124152422
1,0.6461334,-0.03904724,0.16534424,1478124152437
1,0.25752258,0.08708191,0.5900116,1478124152575
1,0.3796234,-0.11161804,0.5213318,1478124153418
1,0.2617035,-0.0098724365,0.23881531,1478124153418
1,0.38441467,0.04069519,0.010467529,1478124153418
1,0.4420166,0.14305115,0.41000366,1478124153688
1,-0.27726746,0.16400146,0.26979065,1478124153807
1,-0.07450867,0.5000763,0.16877747,1478124154087
1,0.24360657,0.56292725,-0.076156616,1478124154233
1,-0.02468872,0.29522705,0.2925415,1478124154365
1,0.2205658,0.5427246,0.13825989,1478124154635
1,0.03665161,-0.11836243,0.46357727,1478124154765
1,0.04638672,-0.34191895,0.12882996,1478124155042
1,0.41389465,-0.33532715,0.18614197,1478124155168
1,-0.013015747,-0.04084778,0.152771,1478124155446
1,0.27262878,-0.71391296,0.32365417,1478124156709
1,0.18359375,-0.17192078,-0.00642395,1478124156709
1,0.39353943,-0.050125122,-0.31033325,1478124156709
1,0.7258911,-0.26335144,0.36645508,1478124156709
1,-0.37379456,-0.18673706,0.10218811,1478124156709
1,0.021087646,-0.5935974,0.09037781,1478124156709
1,0.314682,-0.46296692,0.20245361,1478124156821
1,-0.039642334,-0.43992615,-0.05505371,1478124157685
1,0.5983887,-0.2649994,-0.18405151,1478124157685
1,-0.2069397,-0.3847046,-0.16279602,1478124157685
1,-0.24090576,0.034713745,0.05744934,1478124157685
1,-0.20454407,-0.1446991,0.00642395,1478124157794
1,-0.37094116,-0.19137573,-0.40431213,1478124158688
1,0.16339111,-0.25946045,-0.27278137,1478124158688
1,0.44995117,-0.026184082,-0.6340027,1478124158688
1,-0.30166626,0.03590393,-0.019302368,1478124158688
1,-0.7306671,-0.30645752,-0.48706055,1478124158760
1,-0.6578064,-0.24090576,-0.6443329,1478124159695
1,0.2427063,-0.5678711,0.4554901,1478124159695
1,-0.51174927,0.75177,-0.61291504,1478124159695
1,-1.0396729,0.20529175,-0.47868347,1478124159695
1,-0.2394104,0.19467163,-0.41703796,1478124159733
1,0.9449463,0.6188965,-0.6512146,1478124160695
1,-1.0341339,0.344162,-0.15890503,1478124160695
1,-0.4200287,0.531662,0.2649994,1478124160695
1,0.5057678,0.08035278,-0.101745605,1478124160695
1,-0.7424927,-0.2756195,-0.59375,1478124160718
1,0.24075317,0.17042542,0.47763062,1478124161674
1,0.60676575,-0.004486084,0.2503357,1478124161674
1,-0.061645508,0.037704468,0.20230103,1478124161674
1,0.29852295,0.2828064,0.22683716,1478124161674
1,0.63461304,-0.080200195,0.08692932,1478124161814
1,-0.012710571,-0.24794006,0.87672424,1478124162689
1,0.7698822,0.110580444,0.24435425,1478124162689
1,0.25482178,-0.0053863525,0.5035248,1478124162689
1,0.35508728,0.04953003,-0.31632996,1478124162689
1,0.13182068,0.37184143,0.16983032,1478124162784
1,0.31019592,0.28460693,0.38456726,1478124162924
1,0.39848328,0.6078186,-0.23747253,1478124163700
1,0.48661804,0.14006042,-0.4194336,1478124163700
1,0.3592682,0.10308838,-0.07571411,1478124163700
1,0.27667236,0.4281006,-0.19377136,1478124163756
1,-0.05909729,0.050125122,-0.041748047,1478124163889
1,0.13945007,-0.01600647,0.14215088,1478124164704
1,0.37828064,-0.18928528,0.010025024,1478124164704
1,0.5385437,0.29089355,-0.10668945,1478124164704
1,0.15037537,0.36540222,0.17042542,1478124164704
1,0.358078,0.2497406,0.17207336,1478124165712
1,-0.30136108,0.1776123,0.5421295,1478124165712
1,0.062088013,0.29208374,0.26919556,1478124165712
1,-0.46131897,0.065826416,0.49993896,1478124165712
1,0.40042114,0.32365417,0.07121277,1478124165782
1,1.0130463,0.22894287,-0.38619995,1478124165908
1,-0.13362122,0.296875,0.14379883,1478124166699
1,0.18495178,0.27697754,0.5632324,1478124166700
1,0.34101868,0.08798218,0.12553406,1478124166700
1,0.23866272,0.33607483,0.38441467,1478124166756
1,-0.03590393,0.44665527,0.40715027,1478124166893
1,0.57011414,0.0448761,0.23371887,1478124167708
1,-0.16085815,0.5930023,1.1899109,1478124167708
1,0.2796631,0.8219452,-0.38545227,1478124167708
1,0.4123993,0.11161804,0.32125854,1478124167726
1,-0.28056335,-0.35777283,0.8104248,1478124167860
1,0.16279602,0.55096436,0.55589294,1478124168710
1,0.30929565,0.4631195,0.37094116,1478124168710
1,0.004180908,0.26365662,-0.6578064,1478124168711
1,-0.23342896,-0.2468872,-0.3407135,1478124168711
1,0.60990906,0.007019043,-0.7230377,1478124169687
1,-0.7953186,-0.014953613,-0.271286,1478124169687
1,-0.25242615,-0.4388733,-1.2716064,1478124169687
1,-1.3313141,-0.23641968,-0.4990387,1478124169688
1,-0.48136902,-0.22489929,-0.9654541,1478124169688
1,-0.4058075,-0.0980072,-0.6441803,1478124170675
1,-0.34475708,0.026779175,-0.7882843,1478124170675
1,-1.204422,-0.22444153,-0.23657227,1478124170675
1,0.11985779,-0.048324585,-0.5977936,1478124170675
1,-1.210556,-0.030517578,-1.4498291,1478124170760
1,-0.60183716,-0.37902832,-0.6123047,1478124170897
1,-0.18389893,0.023635864,-0.93133545,1478124171712
1,-0.041000366,-0.77212524,-0.111328125,1478124171712
1,-0.6013794,-0.21920776,0.49020386,1478124171712
1,-0.64971924,0.15681458,-0.7314148,1478124171712
1,-0.2715912,-0.19482422,-0.2866974,1478124171840
1,-0.22938538,0.030822754,-0.2567749,1478124172697
1,-0.08303833,0.17596436,0.058654785,1478124172697
1,-0.26245117,-0.1387024,-0.026626587,1478124172697
1,-0.013458252,-0.42092896,-0.2649994,1478124172697
1,-0.109375,0.009567261,0.31692505,1478124172822
1,0.38545227,0.08782959,-0.1385498,1478124173688
1,0.7091217,0.17851257,0.23716736,1478124173688
1,0.69551086,0.44830322,0.06971741,1478124173688
1,0.42825317,-0.0074768066,0.096954346,1478124173688
1,0.7308197,0.45069885,0.15232849,1478124173918
1,0.47763062,0.33189392,0.63430786,1478124174711
1,-0.20021057,0.07974243,0.4810791,1478124174711
1,0.5473633,1.0149841,-0.010025024,1478124174711
1,0.7849884,0.13153076,0.6616974,1478124174746
1,0.15710449,0.46595764,1.0609283,1478124174884
1,0.42495728,0.74354553,0.18569946,1478124175726
1,0.15890503,0.4345398,0.25003052,1478124175726
1,0.15008545,0.34609985,-0.05281067,1478124175726
1,0.102493286,0.6498718,-0.19676208,1478124175726
1,0.6953583,0.42855835,-0.1484375,1478124175855
1,-0.6441803,0.61964417,-0.522522,1478124176688
1,0.6369934,0.8432007,-0.10293579,1478124176688
1,0.9998779,1.0390778,-0.5262604,1478124176688
1,-0.2427063,1.2645721,0.63848877,1478124176688
1,-0.21008301,1.3516693,0.14364624,1478124176828
1,0.6009369,0.48706055,0.23536682,1478124177625
1,0.6480713,0.88090515,0.6265259,1478124177625
1,0.8713379,0.84410095,0.21891785,1478124177625
1,0.92715454,0.506958,0.6715698,1478124177639
1,0.8291321,-0.060150146,1.2054749,1478124178690
1,0.3374176,0.54393005,0.6654358,1478124178690
1,0.23822021,0.002380371,1.4525299,1478124178690
1,1.162384,0.3508911,0.87701416,1478124178690
1,-0.116104126,0.6175537,0.8782196,1478124178690
1,0.36705017,0.93133545,0.528656,1478124178889
1,0.46401978,0.79486084,0.7704773,1478124179667
1,0.0037384033,0.64927673,-0.23342896,1478124179667
1,1.6159363,0.85427856,0.2546692,1478124179667
1,-0.09291077,0.8674469,0.14707947,1478124179667
1,0.6124573,0.86953735,0.69311523,1478124179864
1,0.6141052,0.5933075,-1.2101135,1478124180446
1,0.040542603,0.8568115,0.6184387,1478124180446
1,0.014801025,0.80459595,-0.62861633,1478124180446
1,-0.5024719,0.45129395,-0.22175598,1478124180564
1,-0.6111145,0.48765564,-0.8388672,1478124181703
1,1.3771057,0.9100952,-0.70822144,1478124181703
1,0.8678894,1.4206543,-0.30181885,1478124181703
1,-0.17895508,1.4676361,0.40011597,1478124181703
1,1.6118927,1.5542755,0.09919739,1478124181703
1,-0.6437378,1.7272644,0.52267456,1478124181750
1,1.7944489,2.0943146,-0.30525208,1478124182705
1,-0.7857361,1.3401489,0.36465454,1478124182705
1,0.41178894,1.5322876,0.38261414,1478124182705
1,0.22683716,1.3854828,-0.1635437,1478124182705
1,1.7507477,1.8044739,0.44276428,1478124182858
1,0.038742065,1.7521057,-0.26994324,1478124183005
1,0.6145477,1.7163391,0.32365417,1478124183710
1,0.41763306,1.4932251,0.23686218,1478124183711
1,-0.10293579,1.3241425,0.16160583,1478124183712
1,0.94973755,1.2651825,-0.026931763,1478124183831
1,-0.008377075,1.3007965,0.21292114,1478124184729
1,0.30241394,1.1906586,-0.04966736,1478124184729
1,0.7876892,0.79397583,-0.17880249,1478124184729
1,-0.011810303,0.86894226,-0.060150146,1478124184729
1,-0.17835999,0.6715698,-0.47479248,1478124184801
1,0.078704834,0.75372314,-0.1387024,1478124184925
1,-0.028579712,0.4376831,-0.6034851,1478124185731
1,0.18763733,0.7468262,-0.20977783,1478124185731
1,-0.20484924,0.6117096,-0.07989502,1478124185731
1,0.0013427734,0.2172699,-0.503067,1478124185771
1,0.19691467,0.5512543,-0.29881287,1478124186708
1,-0.14305115,0.51937866,-0.41149902,1478124186708
1,0.16204834,0.40715027,-0.22729492,1478124186708
1,0.02079773,0.27682495,-0.14408875,1478124186708
1,-0.06762695,0.26020813,-0.2605133,1478124186742
1,0.4990387,0.31648254,0.008071899,1478124187688
1,-1.1029663,0.07196045,0.056854248,1478124187688
1,-0.3375702,0.2796631,0.19647217,1478124187688
1,1.2014313,0.5053253,-0.45654297,1478124187688
1,0.7598572,0.21817017,-0.18539429,1478124187709
1,0.6582489,0.6811371,-0.0438385,1478124188710
1,-0.23551941,0.85232544,0.6513672,1478124188710
1,-0.27322388,0.7136078,0.22250366,1478124188710
1,-0.3006134,0.9507904,-0.15457153,1478124188710
1,-0.71795654,-0.16893005,-0.49993896,1478124188790
1,0.23417664,0.0942688,-0.7116699,1478124188924
1,-0.52388,0.46342468,-0.30091858,1478124189713
1,-1.2129517,0.34983826,-1.1141968,1478124189713
1,0.6916199,-0.05670166,-0.7661438,1478124189713
1,-1.1936493,0.058807373,-1.1550446,1478124189758
1,-0.7544708,0.12359619,-0.60961914,1478124189888
1,-1.2832794,0.15875244,-0.98431396,1478124190719
1,-1.012146,-0.25422668,-1.615036,1478124190719
1,-0.07914734,-0.18405151,-1.0728912,1478124190719
1,-1.1049194,0.5071106,-0.93118286,1478124190724
1,-0.88974,-0.29223633,-1.1144867,1478124191681
1,-0.5131073,-0.29463196,-1.2309113,1478124191681
1,0.04399109,-0.12509155,-0.49349976,1478124191681
1,-0.26306152,-0.07600403,-0.7124176,1478124191681
1,-0.10069275,-0.24510193,-0.21263123,1478124191699
1,0.21502686,0.51623535,0.56277466,1478124192683
1,0.21098328,0.9658966,-0.14619446,1478124192683
1,-0.16474915,0.58029175,-0.06568909,1478124192683
1,0.16549683,0.92759705,-0.43572998,1478124192683
1,-0.38771057,1.052536,-1.045517,1478124192683
1,-0.51220703,1.078125,-0.30226135,1478124193656
1,0.12538147,0.34999084,-0.024383545,1478124193656
1,-0.63446045,0.79052734,-0.80892944,1478124193656
1,-0.5599365,0.8025055,-0.64193726,1478124193656
1,-0.7125702,0.49679565,-0.44456482,1478124193777
1,-0.002243042,1.2241821,-0.41807556,1478124194723
1,-0.53240967,1.267273,-0.8027954,1478124194723
1,-0.213974,1.4504242,-0.29089355,1478124194723
1,-0.042495728,0.9355316,-1.4221497,1478124194723
1,-0.14349365,0.907547,-0.86265564,1478124194733
1,-0.059249878,0.6769562,-0.5461731,1478124194872
1,0.35029602,0.86520386,-0.67126465,1478124195683
1,0.30419922,0.8786621,-0.51698303,1478124195683
1,0.070617676,0.99642944,0.08798218,1478124195683
1,0.031417847,0.88734436,-0.024383545,1478124195703
1,1.8766022,0.7748108,0.5237274,1478124195841
1,-0.71450806,1.2026367,0.53030396,1478124196677
1,1.028305,1.0556793,0.93911743,1478124196677
1,1.4380035,1.3060303,0.47898865,1478124196677
1,-0.020339966,1.538559,0.4658203,1478124196677
1,0.7436981,1.6958313,0.54422,1478124197681
1,0.9412079,1.2627869,0.777359,1478124197681
1,0.44726563,0.7989044,0.60588074,1478124197681
1,0.09291077,1.0037689,0.0053863525,1478124197681
1,-0.25152588,0.9067993,0.33503723,1478124197681
1,0.25332642,0.38859558,0.18778992,1478124197890
1,0.4161377,0.34880066,0.12792969,1478124198713
1,0.27322388,0.25273132,0.3612213,1478124198713
1,0.22669983,0.7583618,-0.16638184,1478124198713
1,0.03829956,0.76194763,-0.090667725,1478124198713
1,0.09022522,0.5600891,-0.0448761,1478124198843
1,0.28175354,0.23059082,0.004776001,1478124199710
1,-0.15965271,-0.10668945,0.057159424,1478124199711
1,0.42062378,-0.9406128,0.58029175,1478124199711
1,0.708374,-1.4637451,0.4812317,1478124199711
1,0.2431488,0.54751587,0.57774353,1478124199812
1,0.117004395,1.3781586,-0.05265808,1478124200713
1,0.3585205,-0.6504669,0.15756226,1478124200713
1,0.16789246,-0.5204315,-0.11491394,1478124200713
1,-0.7920227,-1.419754,-0.92025757,1478124200713
1,-0.13990784,0.5647278,0.20753479,1478124200920
